{
  "name": "asd",
  "template_path": "C:\\Users\\arsen\\Documents\\OCR_APPs\\roi-ocr-studio-v4.0.4-pro\\backend\\data\\projects\\asd-20250824-125054\\template.png",
  "template_width": 661,
  "template_height": 306,
  "layout": {
    "workspace": {
      "x": 19,
      "y": 56,
      "w": 249,
      "h": 228
    },
    "rois": [
      {
        "name": "Name",
        "x": 0.040160642570281124,
        "y": 0.11842105263157894,
        "w": 0.39357429718875503,
        "h": 0.09210526315789473,
        "type": "name",
        "pattern": null
      },
      {
        "name": "Age",
        "x": 0.04819277108433735,
        "y": 0.8464912280701754,
        "w": 0.24899598393574296,
        "h": 0.09210526315789473,
        "type": "age",
        "pattern": null
      },
      {
        "name": "Num",
        "x": 0.040160642570281124,
        "y": 0.5877192982456141,
        "w": 0.3855421686746988,
        "h": 0.11403508771929824,
        "type": "phone",
        "pattern": null
      },
      {
        "name": "Adr",
        "x": 0.040160642570281124,
        "y": 0.33771929824561403,
        "w": 0.42168674698795183,
        "h": 0.13157894736842105,
        "type": "email",
        "pattern": null
      }
    ]
  }
}